Date (UTC),Timestamp (UTC),Abelardo de la Espriella,Iván Cepeda Castro,Paloma Valencia,Sergio Fajardo (DC),Roy Barreras,Juan Carlos Pinzón,Juan Daniel Oviedo (IND),Vicky Dávila (IND),Daniel Quintero,Claudia López (IND),Germán Vargas Lleras (RC),David Luna Sánchez (IND),Mauricio Cárdenas,Enrique Peñalosa,Juan Manuel Galán (NL),Luis Gilberto Murillo (CRB),Gustavo Bolívar (HC),Miguel Uribe Turbay (CD)
07-30-2025 00:00,1753833610,,,,0.34,,,0.095,0.31,,0.18,0.195,0.095,,,0.175,0.14,0.35,0.095
07-31-2025 00:00,1753920008,,,,0.24,,,0.07,0.255,,0.095,0.065,0.05,,,0.027,0.065,0.135,0.085
08-01-2025 00:00,1754006409,,,,0.17,,,0.045,0.225,,0.105,0.035,0.02,,,0.0225,0.045,0.11,0.09
08-02-2025 00:00,1754092809,,,,0.17,,,0.045,0.235,,0.105,0.034,0.016,,,0.0225,0.045,0.11,0.095
08-03-2025 00:00,1754179208,,,,0.185,,,0.05,0.23,,0.125,0.034,0.0185,,,0.0235,0.05,0.115,0.085
08-04-2025 00:00,1754265607,,,,0.185,,,0.05,0.275,,0.12,0.0345,0.0195,,,0.0235,0.05,0.115,0.08
08-05-2025 00:00,1754352008,,,,0.15,,,0.045,0.275,,0.125,0.0325,0.015,,,0.0235,0.05,0.115,0.07
08-06-2025 00:00,1754438409,,,,0.15,,,0.05,0.275,,0.125,0.03,0.017,,,0.024,0.05,0.115,0.07
08-07-2025 00:00,1754524803,,,,0.165,,,0.04,0.275,,0.125,0.03,0.0155,,,0.0225,0.04,0.115,0.07
08-08-2025 00:00,1754611204,,,,0.195,,,0.0345,0.275,,0.125,0.031,0.0155,,,0.0235,0.0345,0.105,0.07
08-09-2025 00:00,1754697602,,,,0.175,,,0.028,0.275,,0.125,0.0275,0.015,,,0.0215,0.028,0.105,0.07
08-10-2025 00:00,1754784003,,,,0.175,,,0.0245,0.275,,0.115,0.028,0.015,,,0.022,0.0245,0.105,0.055
08-11-2025 00:00,1754870402,,,,0.175,,,0.0225,0.275,,0.125,0.0285,0.0145,,,0.02,0.023,0.105,0.045
08-12-2025 00:00,1754956804,,,,0.195,,,0.0225,0.285,,0.125,0.0275,0.015,,,0.0225,0.023,0.105,0.0145
08-13-2025 00:00,1755043203,,,,0.15,,,0.0225,0.285,,0.11,0.0275,0.015,,,0.021,0.0225,0.095,0.017
08-14-2025 00:00,1755129602,,,,0.14,,,0.022,0.285,,0.11,0.028,0.015,,,0.021,0.022,0.095,0.0175
08-15-2025 00:00,1755216007,,,,0.15,,,0.0215,0.285,,0.115,0.028,0.0155,,,0.026,0.0215,0.095,0.0295
08-16-2025 00:00,1755302402,,,,0.15,,,0.017,0.275,,0.11,0.0305,0.015,,,0.025,0.0185,0.095,0.033
08-17-2025 00:00,1755388805,,,,0.14,,,0.0165,0.245,,0.11,0.0275,0.0145,,,0.021,0.0185,0.19,0.016
08-18-2025 00:00,1755475202,,,,0.215,,,0.016,0.25,,0.12,0.0275,0.0125,,,0.0215,0.018,0.195,0.012
08-19-2025 00:00,1755561602,,,,0.215,,,0.0175,0.255,,0.09,0.0255,0.0135,,,0.0215,0.0175,0.18,0.0125
08-20-2025 00:00,1755648003,,,,0.235,,,0.0175,0.26,,0.08,0.025,0.0135,,,0.0205,0.0175,0.18,0.0135
08-21-2025 00:00,1755734403,,,,0.21,,,0.017,0.22,,0.06,0.0235,0.0125,,,0.0205,0.0175,0.185,0.016
08-22-2025 00:00,1755820803,,,,0.235,,,0.0175,0.245,,0.085,0.022,0.0125,,,0.0205,0.0175,0.195,0.017
08-23-2025 00:00,1755907202,,,,0.145,,,0.017,0.27,,0.085,0.022,0.0125,,,0.0185,0.0175,0.17,0.015
08-24-2025 00:00,1755993604,,,,0.2,,,0.017,0.28,,0.085,0.018,0.0125,,,0.0185,0.0175,0.19,0.015
08-25-2025 00:00,1756080002,,,,0.21,,,0.0165,0.285,,0.08,0.022,0.0125,,,0.0185,0.0175,0.19,0.016
08-26-2025 00:00,1756166402,0.5,0.5,,0.195,,,0.0155,0.315,,0.075,0.0155,0.0125,0.49,,0.0185,0.017,0.225,
08-27-2025 00:00,1756252802,0.245,0.085,,0.205,,,0.015,0.33,,0.07,0.012,0.0125,0.125,,0.016,0.0155,0.23,
08-28-2025 00:00,1756339202,0.25,0.165,,0.16,,,0.015,0.265,,0.06,0.01,0.0125,0.125,,0.014,0.015,0.16,
08-29-2025 00:00,1756425602,0.25,0.155,,0.17,,,0.015,0.31,,0.065,0.0095,0.0125,0.11,,0.012,0.0155,0.165,
08-30-2025 00:00,1756512002,0.525,0.155,,0.185,,,0.0155,0.315,,0.06,0.01,0.012,0.11,,0.012,0.0155,0.18,
08-31-2025 00:00,1756598402,0.52,0.16,,0.18,,,0.016,0.285,,0.06,0.009,0.012,0.11,,0.0115,0.0155,0.165,
09-01-2025 00:00,1756684804,0.135,0.2,,0.185,,,0.016,0.245,,0.06,0.009,0.012,0.1,,0.011,0.0155,0.205,
09-02-2025 00:00,1756771203,0.555,0.185,,0.16,,,0.0175,0.29,,0.055,0.0035,0.0095,0.13,,0.0075,0.014,0.185,
09-03-2025 00:00,1756857602,0.475,0.18,,0.165,,,0.0185,0.235,,0.055,0.0035,0.009,0.125,,0.0055,0.014,0.215,
09-04-2025 00:00,1756944006,0.445,0.175,,0.155,,,0.0175,0.205,,0.04,0.003,0.004,0.105,,0.0045,0.012,0.215,
09-05-2025 00:00,1757030403,0.245,0.18,,0.16,,,0.018,0.195,,0.0225,0.005,0.0055,0.095,,0.0055,0.0125,0.2,
09-06-2025 00:00,1757116808,0.315,0.145,,0.18,,,0.015,0.18,,0.0335,0.0085,0.0055,0.235,,0.0065,0.008,0.175,
09-07-2025 00:00,1757203203,0.255,0.125,,0.165,,,0.0155,0.19,,0.033,0.014,0.0055,0.195,,0.0065,0.008,0.125,
09-08-2025 00:00,1757289611,0.26,0.125,,0.175,,,0.015,0.19,,0.033,0.0145,0.0055,0.125,,0.007,0.0075,0.17,
09-09-2025 00:00,1757376004,0.245,0.125,,0.2,,,0.0155,0.2,,0.0355,0.0135,0.007,0.13,,0.0065,0.0075,0.145,
09-10-2025 00:00,1757462402,0.315,0.105,,0.185,,,0.0155,0.2,,0.0205,0.008,0.0065,0.195,,0.0065,0.0075,0.105,
09-11-2025 00:00,1757548804,0.245,0.125,,0.16,,,0.0145,0.18,,0.0175,0.005,0.0065,0.16,,0.0065,0.0065,0.085,
09-12-2025 00:00,1757635203,0.35,0.125,,0.15,,,0.0145,0.185,,0.017,0.005,0.006,0.12,,0.0055,0.006,0.085,
09-13-2025 00:00,1757721603,0.37,0.105,,0.16,,,0.0145,0.18,,0.017,0.0055,0.006,0.08,,0.0055,0.0065,0.095,
09-14-2025 00:00,1757808003,0.44,0.095,,0.17,,,0.0155,0.18,,0.0195,0.0055,0.006,0.06,,0.0055,0.008,0.095,
09-15-2025 00:00,1757894403,0.43,0.13,,0.16,,,0.016,0.16,,0.0175,0.0065,0.006,0.045,,0.0055,0.0075,0.11,
09-16-2025 00:00,1757980805,0.365,0.15,,0.155,,,0.015,0.165,,0.016,0.0235,0.006,0.0585,,0.0055,0.0075,0.105,
09-17-2025 00:00,1758067202,0.4,0.135,,0.15,,,0.0155,0.16,,0.016,0.021,0.0055,0.0885,,0.0045,0.0075,0.105,
09-18-2025 00:00,1758153605,0.385,0.145,,0.15,,,0.0135,0.16,,0.016,0.0165,0.004,0.099,,0.0045,0.0065,0.1,
09-19-2025 00:00,1758240004,0.375,0.14,,0.15,,,0.0135,0.16,,0.0165,0.02,0.003,0.0645,,0.0045,0.0075,0.085,
09-20-2025 00:00,1758326402,0.375,0.14,,0.15,,,0.014,0.185,,0.016,0.02,0.0025,0.05,,0.005,0.008,0.085,
09-21-2025 00:00,1758412802,0.375,0.135,,0.15,,,0.014,0.165,,0.0165,0.0205,0.0025,0.0375,,0.005,0.008,0.08,
09-22-2025 00:00,1758499204,0.355,0.135,,0.15,,,0.013,0.165,,0.02,0.0205,0.0025,0.0375,,0.0055,0.0075,0.08,
09-23-2025 00:00,1758585604,0.335,0.135,,0.155,,,0.0115,0.175,,0.02,0.0205,0.0025,0.0375,,0.0055,0.0075,0.04,
09-24-2025 00:00,1758672006,0.335,0.135,,0.155,,,0.0115,0.18,,0.02,0.024,0.0025,0.0375,,0.0055,0.0075,0.05,
09-25-2025 00:00,1758758402,0.37,0.135,,0.125,,,0.0155,0.15,,0.087,0.024,0.0025,0.058,,0.0135,0.0075,0.051,
09-26-2025 00:00,1758844804,0.375,0.125,,0.115,,,0.016,0.15,,0.087,0.024,0.0025,0.041,,0.0135,0.0075,0.053,
09-27-2025 00:00,1758931203,0.37,0.12,,0.115,,,0.017,0.145,,0.0865,0.024,0.061,0.0395,,0.0135,0.005,0.0365,
09-28-2025 00:00,1759017603,0.375,0.22,,0.1,,,0.017,0.145,,0.0415,0.025,0.0655,0.0405,,0.0135,0.0055,0.022,
09-29-2025 00:00,1759104003,0.355,0.175,,0.1,,,0.017,0.15,,0.0415,0.025,0.0635,0.043,,0.0135,0.0055,0.021,
09-30-2025 00:00,1759190402,0.415,0.15,,0.1,,,0.02,0.145,,0.0415,0.025,0.062,0.0415,,0.0135,0.0055,0.025,
10-01-2025 00:00,1759276802,0.405,0.14,,0.095,,,0.019,0.145,,0.042,0.025,0.0305,0.042,,0.0105,0.0055,0.025,
10-02-2025 00:00,1759363203,0.42,0.105,,0.09,,,0.019,0.145,,0.0365,0.025,0.027,0.032,,0.0105,0.0055,0.025,
10-03-2025 00:00,1759449603,0.375,0.125,,0.09,,,0.019,0.145,,0.0365,0.025,0.022,0.04,,0.008,0.0055,0.1195,
10-04-2025 00:00,1759536002,0.345,0.14,,0.12,0.111,,0.019,0.15,0.125,0.036,0.025,0.022,0.0715,0.125,0.008,0.005,0.0175,
10-05-2025 00:00,1759622402,0.37,0.14,,0.12,0.111,,0.019,0.145,0.135,0.03,0.025,0.022,0.045,0.135,0.0085,0.006,0.015,
10-06-2025 00:00,1759708803,0.385,0.145,,0.115,0.1125,,0.019,0.14,0.13,0.029,0.025,0.022,0.029,0.065,0.0085,0.006,0.015,
10-07-2025 00:00,1759795204,0.38,0.15,,0.115,0.088,,0.0185,0.14,0.14,0.0275,0.025,0.022,0.0285,0.05,0.0085,0.006,0.0175,
10-08-2025 00:00,1759881602,0.38,0.15,,0.115,0.0925,,0.0185,0.14,0.13,0.0265,0.025,0.017,0.0285,0.035,0.0085,0.006,0.014,
10-09-2025 00:00,1759968005,0.405,0.14,,0.115,0.095,,0.0185,0.14,0.115,0.027,0.0255,0.0175,0.0225,0.035,0.0055,0.006,0.014,
10-10-2025 00:00,1760054405,0.415,0.14,,0.115,0.0945,,0.0185,0.14,0.11,0.027,0.0255,0.0045,0.018,0.0275,0.0055,0.006,0.0145,
10-11-2025 00:00,1760140804,0.345,0.155,,0.115,0.0925,,0.0195,0.14,0.11,0.0305,0.1245,0.0035,0.02,0.0275,0.0095,0.006,0.015,
10-12-2025 00:00,1760227202,0.375,0.155,,0.115,0.081,,0.0195,0.14,0.11,0.029,0.102,0.0035,0.019,0.0275,0.0115,0.0055,0.015,
10-13-2025 00:00,1760313604,0.365,0.155,,0.115,0.081,,0.019,0.14,0.11,0.0285,0.119,0.0035,0.02,0.0275,0.0115,0.005,0.016,
10-14-2025 00:00,1760400003,0.365,0.155,,0.115,0.081,,0.019,0.135,0.095,0.0195,0.036,0.0025,0.078,0.0275,0.0115,0.0055,0.016,
10-15-2025 00:00,1760486404,0.34,0.165,,0.115,0.121,,0.0195,0.135,0.065,0.015,0.036,0.0025,0.0795,0.0275,0.009,0.0055,0.017,
10-16-2025 00:00,1760572808,0.345,0.165,,0.125,0.176,,0.0075,0.135,0.031,0.03,0.0355,0.0025,0.079,0.0225,0.004,0.0045,0.014,
10-17-2025 00:00,1760659203,0.385,0.165,,0.125,0.1745,,0.0075,0.135,0.0405,0.0335,0.0355,0.0025,0.03,0.0225,0.004,0.0045,0.014,
10-18-2025 00:00,1760745604,0.39,0.16,,0.12,0.169,,0.0075,0.135,0.0405,0.0325,0.0355,0.0025,0.0295,0.0225,0.004,0.0045,0.012,
10-19-2025 00:00,1760832006,0.37,0.13,,0.12,0.197,,0.005,0.105,0.0355,0.029,0.138,0.0025,0.0275,0.0205,0.004,0.004,0.0025,
10-20-2025 00:00,1760918403,0.365,0.105,,0.12,0.2835,,0.018,0.1,0.035,0.0295,0.032,0.0025,0.021,0.0205,0.004,0.004,0.0025,
10-21-2025 00:00,1761004805,0.355,0.115,,0.115,0.284,,0.0045,0.09,0.031,0.024,0.011,0.0025,0.018,0.0135,0.004,0.004,0.0025,
10-22-2025 00:00,1761091207,0.355,0.15,,0.11,0.286,,0.0045,0.075,0.024,0.029,0.0315,0.0025,0.017,0.0135,0.004,0.004,0.0025,
10-23-2025 00:00,1761177606,0.375,0.175,,0.115,0.101,,0.0045,0.075,0.0045,0.023,0.032,0.0025,0.0175,0.0135,0.004,0.004,0.0025,
10-24-2025 00:00,1761264008,0.36,0.115,,0.125,0.0655,,0.0045,0.075,0.0045,0.025,0.032,0.0275,0.016,0.0125,0.004,0.004,0.003,
10-25-2025 00:00,1761350408,0.205,0.175,,0.155,0.0655,,0.0045,0.075,0.0045,0.025,0.032,0.005,0.016,0.0125,0.004,0.004,0.003,
10-26-2025 00:00,1761436807,0.33,0.19,,0.165,0.0655,,0.004,0.085,0.0045,0.021,0.032,0.004,0.016,0.0125,0.003,0.004,0.003,
10-27-2025 00:00,1761523207,0.21,0.17,,0.165,0.085,,0.004,0.085,0.0045,0.021,0.032,0.2,0.016,0.0125,0.003,0.004,0.003,
10-28-2025 00:00,1761609608,0.28,0.265,,0.145,0.085,,0.004,0.085,0.0045,0.021,0.031,0.1175,0.016,0.0125,0.003,0.0035,0.0025,
10-29-2025 00:00,1761696008,0.28,0.2,,0.155,0.0805,,0.004,0.09,0.0045,0.022,0.031,0.1475,0.016,0.0125,0.003,0.0035,0.0025,
10-30-2025 00:00,1761782408,0.295,0.19,,0.15,0.0805,0.105,0.004,0.085,0.0045,0.023,0.009,0.0215,0.0065,0.0125,0.0105,0.004,0.0035,
10-31-2025 00:00,1761868806,0.295,0.195,,0.155,0.08,0.1,0.004,0.085,0.0045,0.0235,0.036,0.0185,0.0025,0.0055,0.0105,0.0055,0.0035,
11-01-2025 00:00,1761955207,0.295,0.2,,0.16,0.0805,0.09,0.004,0.085,0.0045,0.024,0.036,0.022,0.0025,0.006,0.0125,0.0035,0.0035,
11-02-2025 00:00,1762041607,0.32,0.23,,0.16,0.0875,0.085,0.004,0.085,0.0035,0.024,0.036,0.022,0.0025,0.006,0.013,0.006,0.003,
11-03-2025 00:00,1762128005,0.335,0.235,,0.16,0.0955,0.07,0.004,0.075,0.0035,0.023,0.036,0.022,0.067,0.006,0.013,0.0035,0.003,
11-04-2025 00:00,1762214407,0.315,0.24,,0.16,0.0655,0.065,0.004,0.075,0.003,0.025,0.0375,0.023,0.048,0.006,0.013,0.0035,0.0035,
11-05-2025 00:00,1762300807,0.34,0.28,,0.155,0.065,0.065,0.004,0.075,0.003,0.023,0.0375,0.022,0.048,0.0035,0.013,0.0045,0.0035,
11-06-2025 00:00,1762387205,0.405,0.205,,0.155,0.0915,0.0695,0.0095,0.075,0.003,0.0225,0.0375,0.022,0.0275,0.0025,0.0445,0.0035,0.0035,
11-07-2025 00:00,1762473607,0.385,0.21,,0.165,0.091,0.048,0.01,0.08,0.003,0.024,0.0265,0.0105,0.003,0.003,0.0385,0.0075,0.0025,
11-08-2025 00:00,1762560007,0.44,0.18,,0.165,0.091,0.0415,0.009,0.075,0.003,0.024,0.025,0.0045,0.003,0.003,0.0385,0.006,0.0025,
11-09-2025 00:00,1762646420,0.38,0.145,,0.155,0.179,0.041,0.0075,0.075,0.003,0.0235,0.0345,0.0045,0.003,0.0025,0.032,0.006,0.0035,
11-10-2025 00:00,1762732806,0.375,0.215,,0.155,0.136,0.034,0.0075,0.08,0.003,0.0235,0.035,0.0045,0.003,0.003,0.03,0.006,0.0025,
11-11-2025 00:00,1762819208,0.37,0.22,,0.165,0.092,0.05,0.0075,0.075,0.003,0.021,0.023,0.022,0.003,0.003,0.027,0.006,0.0035,
11-12-2025 00:00,1762905609,0.385,0.2,,0.17,0.146,0.033,0.0075,0.06,0.002,0.012,0.027,0.018,0.003,0.003,0.0195,0.006,0.0065,
11-13-2025 00:00,1762992007,0.36,0.225,,0.17,0.152,0.029,0.0075,0.065,0.007,0.012,0.035,0.0255,0.003,0.003,0.0145,0.006,0.0065,
11-14-2025 00:00,1763078407,0.355,0.265,,0.165,0.1065,0.0285,0.0075,0.04,0.007,0.014,0.0635,0.026,0.0025,0.003,0.0085,0.006,0.0065,
11-15-2025 00:00,1763164807,0.355,0.215,,0.155,0.1075,0.0305,0.0075,0.025,0.006,0.014,0.0165,0.0215,0.079,0.003,0.0695,0.0045,0.0065,
11-16-2025 00:00,1763251207,0.35,0.215,,0.155,0.1645,0.0305,0.0075,0.07,0.0075,0.008,0.0165,0.017,0.005,0.003,0.029,0.0075,0.006,
11-17-2025 00:00,1763337607,0.365,0.25,,0.15,0.135,0.0325,0.0075,0.0705,0.008,0.006,0.018,0.017,0.005,0.0025,0.042,0.0085,0.006,
11-18-2025 00:00,1763424006,0.39,0.25,,0.15,0.1285,0.0325,0.0075,0.064,0.0075,0.0065,0.02,0.0205,0.005,0.0025,0.0245,0.0085,0.007,
11-19-2025 00:00,1763510408,0.405,0.22,,0.14,0.1265,0.0325,0.005,0.058,0.008,0.0065,0.0175,0.012,0.0075,0.003,0.025,0.0085,0.007,
11-20-2025 00:00,1763596806,0.34,0.2,,0.14,0.177,0.032,0.005,0.0725,0.0105,0.0065,0.017,0.02,0.0095,0.003,0.025,0.0085,0.0085,
11-21-2025 00:00,1763683209,0.44,0.165,,0.13,0.1315,0.033,0.0035,0.0725,0.022,0.0065,0.005,0.0275,0.0025,0.003,0.034,0.0055,0.0085,
11-22-2025 00:00,1763769607,0.44,0.125,,0.13,0.1315,0.0965,0.0035,0.0655,0.026,0.0065,0.011,0.0255,0.0025,0.0605,0.042,0.0055,0.0085,
11-23-2025 00:00,1763856007,0.39,0.17,,0.125,0.13,0.068,0.003,0.0565,0.0215,0.0035,0.0795,0.015,0.0035,0.011,0.02,0.004,0.004,
11-24-2025 00:00,1763942410,0.4,0.16,,0.12,0.1275,0.045,0.003,0.0505,0.0145,0.0035,0.048,0.011,0.0025,0.02,0.0155,0.007,0.004,
11-25-2025 00:00,1764028807,0.385,0.13,,0.12,0.127,0.038,0.003,0.0535,0.014,0.0035,0.047,0.011,0.0055,0.0775,0.0145,0.0025,0.002,
11-26-2025 00:00,1764115208,0.385,0.175,,0.12,0.123,0.0355,0.003,0.055,0.011,0.0035,0.047,0.012,0.0045,0.0275,0.011,0.0035,0.0065,
11-27-2025 00:00,1764201609,0.415,0.165,,0.12,0.127,0.034,0.003,0.051,0.011,0.0035,0.0475,0.012,0.0025,0.0305,0.011,0.0035,0.003,
11-28-2025 00:00,1764288009,0.405,0.145,,0.13,0.115,0.034,0.0035,0.0515,0.0105,0.0155,0.035,0.012,0.004,0.017,0.0125,0.007,0.003,
11-29-2025 00:00,1764374410,0.415,0.175,,0.13,0.1225,0.037,0.003,0.05,0.011,0.0175,0.033,0.012,0.0015,0.0115,0.012,0.003,0.005,
11-30-2025 00:00,1764460809,0.395,0.185,,0.13,0.1225,0.037,0.003,0.05,0.0035,0.018,0.0335,0.0085,0.0015,0.0115,0.012,0.013,0.004,
12-01-2025 00:00,1764547207,0.39,0.185,,0.13,0.123,0.037,0.0035,0.0445,0.009,0.018,0.033,0.0085,0.0015,0.015,0.012,0.004,0.064,
12-02-2025 00:00,1764633607,0.39,0.295,,0.125,0.1045,0.033,0.0035,0.045,0.003,0.014,0.033,0.0085,0.0015,0.0045,0.0125,0.011,0.019,
12-03-2025 00:00,1764720009,0.4,0.295,,0.12,0.068,0.029,0.0035,0.0315,0.003,0.0115,0.033,0.0085,0.0015,0.0045,0.012,0.0135,0.0135,
12-04-2025 00:00,1764806408,0.4,0.32,,0.135,0.0485,0.031,0.0035,0.0425,0.003,0.0115,0.033,0.0085,0.0015,0.003,0.012,0.0095,0.008,
12-05-2025 00:00,1764892808,0.38,0.325,,0.135,0.0665,0.0345,0.003,0.036,0.003,0.004,0.021,0.0085,0.0015,0.003,0.0075,0.0035,0.0095,
12-06-2025 00:00,1764979209,0.36,0.315,,0.135,0.0755,0.0335,0.004,0.043,0.003,0.004,0.0235,0.0085,0.0035,0.003,0.008,0.0035,0.023,
12-07-2025 00:00,1765065621,0.355,0.325,,0.11,0.0555,0.0335,0.007,0.029,0.003,0.0055,0.004,0.0085,0.003,0.0025,0.023,0.0035,0.006,
12-08-2025 00:00,1765152021,0.345,0.43,,0.11,0.064,0.0335,0.006,0.033,0.003,0.003,0.003,0.005,0.003,0.002,0.009,0.0035,0.0025,
12-09-2025 00:00,1765238419,0.395,0.335,,0.11,0.05,0.0305,0.004,0.0245,0.0025,0.0025,0.003,0.0035,0.0025,0.002,0.008,0.0035,0.0025,
12-10-2025 00:00,1765324808,0.405,0.335,,0.1,0.094,0.0605,0.004,0.021,0.0025,0.0035,0.009,0.004,0.002,0.002,0.0035,0.0085,0.0025,
12-11-2025 00:00,1765411208,0.405,0.34,,0.105,0.066,0.03,0.004,0.012,0.002,0.0035,0.009,0.004,0.002,0.002,0.0045,0.0075,0.0025,
12-12-2025 00:00,1765497608,0.39,0.335,,0.105,0.063,0.0565,0.004,0.012,0.002,0.0035,0.011,0.004,0.002,0.002,0.0175,0.008,0.0025,
03-30-2026 00:00,1774886400,0.1494,0.4338,0.3995,0.0064,0.0015,0.0005,0.0021,0.0005,0.0005,0.0034,0.0025,0.0005,0.0005,0.0005,0.0005,0.0025,0.0005,
1765670409,0.355,0.355,,0.13,0.1155,0.0335,0.004,0.0155,0.0025,0.0035,0.01,0.0035,0.002,0.002,0.02,0.0085,0.0025,,
12-15-2025 00:00,1765756809,0.355,0.35,,0.125,0.1115,0.024,0.0175,0.0325,0.0025,0.0035,0.0105,0.004,0.002,0.002,0.021,0.009,0.0355,
12-16-2025 00:00,1765843207,0.395,0.33,,0.135,0.097,0.0355,0.0055,0.025,0.002,0.003,0.005,0.006,0.003,0.002,0.0195,0.008,0.0055,
12-17-2025 00:00,1765929605,0.39,0.325,,0.125,0.117,0.0035,0.005,0.0065,0.039,0.0025,0.005,0.0035,0.0035,0.002,0.017,0.0045,0.0055,
12-18-2025 00:00,1766016019,0.38,0.315,,0.13,0.118,0.0125,0.0035,0.016,0.039,0.002,0.003,0.0035,0.0025,0.0025,0.0035,0.003,0.003,
12-19-2025 00:00,1766102409,0.395,0.3,,0.13,0.1045,0.0135,0.0035,0.0155,0.027,0.002,0.003,0.0035,0.0025,0.0025,0.003,0.004,0.003,
12-20-2025 00:00,1766188808,0.395,0.295,,0.15,0.0955,0.012,0.0035,0.0165,0.027,0.0015,0.0025,0.0025,0.002,0.0025,0.0025,0.0025,0.003,
12-21-2025 00:00,1766275209,0.395,0.29,,0.145,0.097,0.0115,0.0035,0.014,0.0275,0.0015,0.0025,0.0025,0.002,0.0015,0.0025,0.0025,0.003,
12-22-2025 00:00,1766361608,0.425,0.295,,0.14,0.0935,0.007,0.003,0.0125,0.026,0.0015,0.0035,0.0025,0.0025,0.0015,0.0025,0.0035,0.015,
12-23-2025 00:00,1766448009,0.41,0.295,,0.13,0.0925,0.007,0.003,0.014,0.026,0.0015,0.004,0.005,0.0025,0.0015,0.0025,0.0125,0.0155,
12-24-2025 00:00,1766534409,0.405,0.285,0.075,0.13,0.09,0.007,0.0035,0.0135,0.016,0.0015,0.004,0.005,0.0025,0.0015,0.0025,0.012,0.0145,
12-25-2025 00:00,1766620819,0.37,0.305,0.04,0.13,0.1345,0.0045,0.0025,0.0125,0.0225,0.0015,0.004,0.006,0.002,0.0015,0.0025,0.0125,0.0075,
12-26-2025 00:00,1766707208,0.365,0.35,0.049,0.135,0.069,0.006,0.0025,0.012,0.0215,0.0015,0.004,0.006,0.0025,0.0015,0.0035,0.0125,0.007,
12-27-2025 00:00,1766793610,0.36,0.36,0.038,0.135,0.064,0.006,0.0025,0.0125,0.022,0.0015,0.004,0.0045,0.0025,0.0015,0.0035,0.0125,0.007,
12-28-2025 00:00,1766880010,0.37,0.355,0.0535,0.135,0.063,0.007,0.0025,0.0125,0.0205,0.0015,0.0035,0.004,0.0025,0.0015,0.0025,0.0025,0.008,
12-29-2025 00:00,1766966426,0.37,0.325,0.054,0.135,0.066,0.0065,0.0025,0.0125,0.0195,0.0015,0.029,0.0035,0.0025,0.0015,0.021,0.005,0.007,
12-30-2025 00:00,1767052813,0.37,0.345,0.0555,0.135,0.0685,0.005,0.0025,0.012,0.0195,0.0015,0.0065,0.003,0.0025,0.0015,0.0215,0.005,0.0205,
12-31-2025 00:00,1767139209,0.355,0.35,0.051,0.125,0.108,0.0035,0.0025,0.0065,0.0075,0.002,0.0035,0.0025,0.002,0.0015,0.0025,0.009,0.0035,
01-01-2026 00:00,1767225610,0.355,0.395,0.0435,0.11,0.0765,0.003,0.0025,0.0055,0.0055,0.002,0.0025,0.0025,0.002,0.0015,0.0025,0.0085,0.003,
01-02-2026 00:00,1767312010,0.36,0.39,0.0525,0.11,0.063,0.006,0.0025,0.0045,0.0025,0.002,0.0025,0.0025,0.002,0.0015,0.0025,0.0085,0.003,
01-03-2026 00:00,1767398410,0.365,0.385,0.0555,0.11,0.075,0.008,0.0025,0.0065,0.0045,0.0025,0.0025,0.0025,0.0025,0.0025,0.0025,0.0085,0.0025,
01-04-2026 00:00,1767484810,0.375,0.335,0.07,0.105,0.0825,0.008,0.0025,0.028,0.0025,0.002,0.0025,0.0025,0.002,0.002,0.0025,0.0035,0.0025,
01-05-2026 00:00,1767571211,0.375,0.34,0.0955,0.11,0.066,0.028,0.0025,0.0095,0.0025,0.0025,0.0025,0.0025,0.002,0.002,0.0055,0.003,0.0025,
01-06-2026 00:00,1767657613,0.375,0.335,0.1005,0.105,0.058,0.025,0.0025,0.009,0.002,0.002,0.0025,0.0025,0.003,0.0025,0.0055,0.003,0.0025,
01-07-2026 00:00,1767744010,0.37,0.34,0.0985,0.12,0.0465,0.0175,0.0025,0.0115,0.002,0.0015,0.0025,0.0025,0.0155,0.002,0.0055,0.003,0.0025,
01-08-2026 00:00,1767830426,0.345,0.355,0.0975,0.115,0.0455,0.025,0.0025,0.01,0.002,0.0055,0.0025,0.0025,0.0135,0.002,0.006,0.0035,0.0015,
01-09-2026 00:00,1767916811,0.33,0.39,0.0775,0.06,0.022,0.027,0.0025,0.01,0.002,0.0035,0.0025,0.0025,0.012,0.0025,0.0065,0.0035,0.002,
01-10-2026 00:00,1768003212,0.315,0.42,0.124,0.055,0.0265,0.029,0.0025,0.0055,0.002,0.0025,0.0025,0.0025,0.008,0.002,0.0025,0.003,0.0015,
01-11-2026 00:00,1768089611,0.38,0.355,0.1205,0.06,0.0755,0.0245,0.0025,0.005,0.0015,0.004,0.0025,0.0025,0.004,0.002,0.0025,0.003,0.0015,
01-12-2026 00:00,1768176013,0.48,0.36,0.067,0.05,0.022,0.044,0.0025,0.0025,0.002,0.0025,0.0025,0.0025,0.003,0.0015,0.0025,0.0025,0.0015,
01-13-2026 00:00,1768262412,0.455,0.345,0.0745,0.045,0.0255,0.0535,0.0025,0.0025,0.002,0.0055,0.0025,0.0025,0.0035,0.0015,0.0025,0.0025,0.0015,
01-14-2026 00:00,1768348812,0.435,0.38,0.08,0.045,0.0195,0.0385,0.0025,0.0115,0.0015,0.0045,0.0025,0.0025,0.0025,0.0015,0.0025,0.0025,0.0015,
01-15-2026 00:00,1768435213,0.395,0.375,0.134,0.05,0.005,0.0225,0.0025,0.004,0.0015,0.004,0.0015,0.0025,0.0025,0.0015,0.0025,0.0025,0.0015,
01-16-2026 00:00,1768521615,0.39,0.38,0.08,0.07,0.0045,0.0285,0.0035,0.004,0.0015,0.004,0.0015,0.0025,0.0025,0.0015,0.0025,0.003,0.0015,
01-17-2026 00:00,1768608013,0.38,0.315,0.0775,0.045,0.0045,0.1335,0.003,0.0045,0.0015,0.004,0.003,0.0025,0.003,0.0015,0.003,0.003,0.0015,
01-18-2026 00:00,1768694415,0.365,0.35,0.093,0.045,0.0035,0.122,0.0025,0.0085,0.0015,0.004,0.0025,0.0025,0.0035,0.0055,0.0025,0.003,0.0015,
01-19-2026 00:00,1768780811,0.39,0.37,0.078,0.04,0.003,0.108,0.0025,0.007,0.0015,0.0025,0.002,0.0025,0.003,0.004,0.0045,0.002,0.0015,
01-20-2026 00:00,1768867212,0.355,0.38,0.077,0.0465,0.0175,0.073,0.0025,0.007,0.0015,0.0055,0.007,0.0025,0.003,0.003,0.0045,0.002,0.0015,
01-21-2026 00:00,1768953613,0.355,0.395,0.0705,0.042,0.0095,0.0905,0.0025,0.007,0.0015,0.005,0.01,0.0025,0.003,0.0025,0.004,0.0015,0.0015,
01-22-2026 00:00,1769040015,0.35,0.38,0.067,0.035,0.004,0.0575,0.0045,0.007,0.0015,0.003,0.0075,0.0025,0.0025,0.0025,0.003,0.0015,0.0015,
01-23-2026 00:00,1769126428,0.345,0.39,0.0675,0.033,0.0035,0.057,0.0045,0.007,0.0015,0.003,0.0045,0.0025,0.0025,0.0025,0.003,0.0025,0.0015,
01-24-2026 00:00,1769212817,0.355,0.365,0.071,0.035,0.003,0.0475,0.015,0.007,0.0015,0.0035,0.003,0.0055,0.0025,0.0035,0.003,0.0025,0.0015,
01-25-2026 00:00,1769299230,0.36,0.38,0.078,0.034,0.003,0.0375,0.012,0.007,0.0015,0.003,0.003,0.004,0.0025,0.0035,0.003,0.0025,0.0015,
01-26-2026 00:00,1769385627,0.365,0.365,0.09,0.036,0.003,0.037,0.015,0.007,0.0015,0.003,0.003,0.004,0.0025,0.0035,0.0025,0.0025,0.0015,
01-27-2026 00:00,1769472024,0.38,0.4,0.0905,0.024,0.003,0.037,0.0105,0.007,0.0015,0.003,0.003,0.0035,0.0025,0.003,0.003,0.002,0.0015,
01-28-2026 00:00,1769558416,0.36,0.4,0.089,0.0225,0.003,0.0315,0.0095,0.006,0.0015,0.003,0.003,0.004,0.0025,0.003,0.003,0.002,0.0015,
01-29-2026 00:00,1769644829,0.36,0.41,0.088,0.0275,0.003,0.0295,0.01,0.006,0.0015,0.0035,0.003,0.003,0.0025,0.003,0.003,0.0025,0.0015,
01-30-2026 00:00,1769731217,0.35,0.38,0.085,0.032,0.003,0.0255,0.014,0.0145,0.0015,0.0035,0.003,0.003,0.0025,0.003,0.003,0.0025,0.0015,
01-31-2026 00:00,1769817617,0.355,0.38,0.0785,0.0285,0.0595,0.0215,0.0165,0.0105,0.0015,0.0035,0.003,0.003,0.0025,0.003,0.003,0.0025,0.0015,
02-01-2026 00:00,1769904020,0.35,0.385,0.075,0.03,0.029,0.0215,0.01,0.0105,0.0015,0.003,0.003,0.004,0.003,0.004,0.003,0.0025,0.0015,
02-02-2026 00:00,1769990416,0.365,0.38,0.1055,0.031,0.022,0.024,0.011,0.0085,0.0015,0.003,0.003,0.004,0.003,0.003,0.003,0.0025,0.0015,
02-03-2026 00:00,1770076816,0.355,0.38,0.114,0.0345,0.0215,0.0235,0.0085,0.01,0.0015,0.0035,0.003,0.004,0.003,0.0035,0.0035,0.002,0.0015,
02-04-2026 00:00,1770163228,0.365,0.395,0.0795,0.034,0.0215,0.028,0.0095,0.007,0.0015,0.0035,0.003,0.003,0.003,0.003,0.003,0.002,0.0015,
02-05-2026 00:00,1770249615,0.39,0.39,0.0915,0.0275,0.0495,0.0285,0.01,0.0065,0.0015,0.0035,0.003,0.0035,0.003,0.0035,0.0035,0.002,0.0015,
02-06-2026 00:00,1770336018,0.385,0.385,0.089,0.034,0.0885,0.022,0.0085,0.006,0.0175,0.0035,0.003,0.003,0.003,0.003,0.0025,0.0015,0.0015,
02-07-2026 00:00,1770422421,0.37,0.38,0.0975,0.025,0.096,0.0215,0.008,0.0135,0.006,0.0035,0.0035,0.003,0.003,0.003,0.0025,0.0015,0.0015,
02-07-2026 16:57,1770483434,0.39,0.375,0.11,0.037,0.018,0.016,0.009,0.006,0.004,0.0035,0.0035,0.003,0.003,0.003,0.0025,0.0015,0.0015,
02-27-2026 00:00,1772211600,0.3429,0.4516,0.0631,0.0142,0.0623,0.0041,0.0081,0.0053,0.0031,0.0167,0.0015,0.0025,0.0015,0.0025,0.0015,0.002,0.0015,
01-2026 00:00,1772384400,0.355,0.4395,0.1046,0.0129,0.0521,0.0041,0.0045,0.0038,0.003,0.0122,0.0015,0.0042,0.0015,0.0025,0.0015,0.002,0.0015,
03-02-2026 00:00,1772470800,0.3601,0.4463,0.0922,0.0133,0.0485,0.003,0.0037,0.0038,0.0045,0.0123,0.0021,0.003,0.0016,0.0025,0.0015,0.0023,0.0015,
03-03-2026 00:00,1772557200,0.3618,0.4368,0.0917,0.0115,0.0484,0.003,0.0031,0.0026,0.0035,0.0088,0.0025,0.0026,0.0019,0.0015,0.0015,0.0015,0.0015,
03-04-2026 00:00,1772643600,0.2759,0.5298,0.1276,0.0098,0.037,0.0037,0.0037,0.0035,0.0025,0.0136,0.0025,0.0025,0.0015,0.0015,0.0015,0.0015,0.0015,
03-05-2026 00:00,1772730000,0.2721,0.5278,0.1262,0.0095,0.0352,0.0036,0.0052,0.0039,0.0029,0.0128,0.0023,0.0025,0.0015,0.0015,0.0015,0.0015,0.0015,
03-06-2026 00:00,1772816400,0.2703,0.5353,0.1082,0.0076,0.0239,0.0025,0.0281,0.0038,0.0034,0.0125,0.0017,0.0025,0.0015,0.0015,0.0015,0.0015,0.0015,
03-07-2026 00:00,1772902800,0.3027,0.5003,0.092,0.0074,0.0371,0.0025,0.0311,0.0039,0.0054,0.0105,0.0015,0.0025,0.0015,0.0015,0.0015,0.0015,0.0015,
03-08-2026 00:00,1772985600,0.324,0.4681,0.1094,0.0055,0.0391,0.0025,0.0283,0.0032,0.003,0.009,0.002,0.0016,0.0015,0.0015,0.0015,0.0015,0.0015,
03-12-2026 00:00,1773331200,0.1815,0.4348,0.3245,0.019,0.0065,0.0015,0.0015,0.0015,0.0015,0.0042,0.0015,0.0015,0.0005,0.0015,0.0015,0.0015,0.0015,
03-13-2026 00:00,1773417600,0.1719,0.4217,0.3481,0.0206,0.0069,0.0015,0.0015,0.0015,0.0015,0.0034,0.0015,0.0015,0.0005,0.0014,0.0015,0.0015,0.0013,
03-14-2026 00:00,1773504000,0.1657,0.425,0.3666,0.0132,0.0055,0.0015,0.0015,0.0015,0.0013,0.0033,0.0015,0.0015,0.0005,0.0015,0.0015,0.0015,0.0005,
03-15-2026 00:00,1773590400,0.195,0.385,0.3541,0.009,0.005,0.0005,0.0015,0.0015,0.0005,0.0025,0.0015,0.0005,0.0005,0.0005,0.0005,0.0015,0.0005,
03-16-2026 00:00,1773676800,0.1791,0.3816,0.3843,0.0084,0.0045,0.0005,0.0015,0.0009,0.0005,0.003,0.0015,0.0005,0.001,0.0005,0.0005,0.0015,0.0005,
03-17-2026 00:00,1773763200,0.1785,0.3998,0.3974,0.0075,0.004,0.0005,0.0015,0.0005,0.0005,0.0025,0.0015,0.0005,0.0015,0.0005,0.0005,0.0015,0.0005,
03-18-2026 00:00,1773849600,0.139,0.4086,0.4133,0.0115,0.0038,0.0005,0.0015,0.0005,0.0005,0.0035,0.0015,0.0005,0.0013,0.0005,0.0005,0.0015,0.0005,
03-19-2026 00:00,1773936000,0.1458,0.4113,0.4076,0.0074,0.0037,0.0005,0.0015,0.0005,0.0005,0.0049,0.0018,0.0005,0.0005,0.0005,0.0005,0.0145,0.0005,
03-20-2026 00:00,1774022400,0.1753,0.4218,0.385,0.0071,0.0035,0.0005,0.0015,0.0005,0.0005,0.0066,0.0026,0.0005,0.0005,0.0005,0.0005,0.0026,0.0005,
03-21-2026 00:00,1774108800,0.1744,0.4133,0.3889,0.0067,0.0035,0.0005,0.0015,0.0005,0.0005,0.0058,0.0018,0.0005,0.0005,0.0005,0.0005,0.0022,0.0005,
03-22-2026 00:00,1774195200,0.1616,0.4116,0.4048,0.007,0.0031,0.0005,0.0015,0.0005,0.0005,0.0057,0.0015,0.0005,0.0005,0.0005,0.0005,0.0033,0.0005,
03-23-2026 00:00,1774281600,0.14,0.4048,0.4211,0.0071,0.0035,0.0005,0.0021,0.0005,0.0005,0.0058,0.0015,0.0005,0.0005,0.0005,0.0005,0.0039,0.0005,
03-24-2026 00:00,1774368000,0.145,0.399,0.4177,0.0066,0.003,0.0005,0.0015,0.0005,0.0005,0.0054,0.0017,0.0005,0.0005,0.0005,0.0005,0.0036,0.0005,
03-25-2026 00:00,1774454400,0.1408,0.415,0.4073,0.0063,0.0026,0.0005,0.0015,0.0005,0.0005,0.0051,0.0021,0.0005,0.0005,0.0005,0.0005,0.0037,0.0005,
03-26-2026 00:00,1774540800,0.1332,0.4102,0.4301,0.0064,0.0015,0.0005,0.002,0.0005,0.0005,0.0051,0.0021,0.0005,0.0005,0.0005,0.0005,0.0029,0.0005,
03-27-2026 00:00,1774627200,0.1402,0.4033,0.4192,0.0062,0.0015,0.0005,0.002,0.0005,0.0005,0.004,0.0023,0.0005,0.0005,0.0005,0.0005,0.0022,0.0005,
03-28-2026 00:00,1774713600,0.1615,0.405,0.4119,0.006,0.0015,0.0005,0.002,0.0005,0.0005,0.0039,0.002,0.0005,0.0005,0.0005,0.0005,0.0025,0.0005,
03-29-2026 00:00,1774800000,0.165,0.4194,0.377,0.0061,0.0019,0.0005,0.002,0.0005,0.0005,0.0035,0.0025,0.0005,0.0005,0.0005,0.0005,0.0025,0.0005,
03-31-2026 00:00,1774972800,0.135,0.4389,0.406,0.006,0.002,0.0005,0.0025,0.0005,0.0005,0.004,0.0023,0.0005,0.0005,0.0005,0.0005,0.0025,0.0005,
04-01-2026 00:00,1775059200,0.135,0.4414,0.3966,0.0063,0.0025,0.0005,0.0027,0.0005,0.0005,0.0038,0.0027,0.0005,0.0005,0.0005,0.0005,0.002,0.0005,
04-02-2026 00:00,1775145600,0.1305,0.4639,0.3837,0.006,0.0025,0.0005,0.003,0.0005,0.0005,0.0035,0.0025,0.0005,0.0005,0.0005,0.0005,0.0015,0.0005,
04-03-2026 00:00,1775232000,0.1308,0.445,0.3754,0.0058,0.002,0.0005,0.003,0.0005,0.0005,0.0035,0.0025,0.0005,0.0005,0.0005,0.0005,0.0015,0.0005,
04-04-2026 00:00,1775318400,0.145,0.4405,0.3914,0.0056,0.0022,0.0005,0.0027,0.0005,0.0005,0.0035,0.0025,0.0005,0.0005,0.0005,0.0005,0.0015,0.0005,
04-05-2026 00:00,1775404800,0.1487,0.445,0.3953,0.0056,0.002,0.0005,0.0025,0.0005,0.0005,0.003,0.0025,0.0005,0.0005,0.0005,0.0005,0.002,0.0005,
04-06-2026 00:00,1775491200,0.155,0.4271,0.4025,0.005,0.0022,0.0005,0.0017,0.0005,0.0005,0.004,0.0024,0.0005,0.0005,0.0005,0.0005,0.002,0.0005,
04-07-2026 00:00,1775577600,0.1399,0.4396,0.4032,0.005,0.0015,0.0005,0.0015,0.0006,0.0005,0.0035,0.0015,0.0005,0.0005,0.0005,0.0005,0.0024,0.0005,
04-08-2026 00:00,1775664000,0.1479,0.4253,0.4029,0.005,0.0015,0.0005,0.0015,0.0005,0.0005,0.0036,0.0015,0.0005,0.0005,0.0005,0.0005,0.0025,0.0005,
04-09-2026 00:00,1775750400,0.1441,0.3858,0.4551,0.0041,0.0015,0.0005,0.0015,0.0005,0.0005,0.004,0.0015,0.0005,0.0005,0.0005,0.0005,0.0025,0.0005,
04-10-2026 00:00,1775836800,0.2046,0.3684,0.3808,0.0035,0.0015,0.0005,0.0015,0.0005,0.0005,0.0042,0.0015,0.0005,0.0005,0.0005,0.0005,0.0025,0.0005,
04-11-2026 00:00,1775923200,0.1873,0.384,0.3859,0.0035,0.0015,0.0005,0.0015,0.0005,0.0005,0.0046,0.0015,0.0005,0.0005,0.0005,0.0005,0.0025,0.0005,
04-12-2026 00:00,1776009600,0.1735,0.375,0.389,0.0038,0.0015,0.0005,0.0015,0.0005,0.0005,0.004,0.0015,0.0005,0.0005,0.0005,0.0005,0.0038,0.0005,
04-13-2026 00:00,1776096000,0.185,0.3745,0.4194,0.0035,0.0015,0.0005,0.0015,0.0005,0.0005,0.0039,0.0015,0.0005,0.0005,0.0005,0.0005,0.003,0.0005,
04-14-2026 00:00,1776182400,0.1667,0.3729,0.4352,0.0035,0.0015,0.0005,0.0018,0.0015,0.0005,0.0046,0.0015,0.0006,0.0005,0.0005,0.0005,0.0026,0.0005,
04-15-2026 00:00,1776268800,0.1873,0.387,0.4034,0.0044,0.0015,0.0015,0.002,0.0011,0.0015,0.0034,0.0015,0.0015,0.0015,0.0015,0.0019,0.0026,0.0015,
04-16-2026 00:00,1776355200,0.1861,0.375,0.4118,0.0037,0.0015,0.0015,0.0016,0.0015,0.0015,0.0035,0.0015,0.0005,0.0015,0.0015,0.0015,0.0025,0.0015,
04-17-2026 00:00,1776441600,0.1808,0.3618,0.4295,0.004,0.0015,0.0005,0.002,0.0015,0.0005,0.0035,0.0015,0.0005,0.0005,0.0005,0.0005,0.0025,0.0015,
04-18-2026 00:00,1776528000,0.1874,0.3667,0.4236,0.0042,0.0015,0.0005,0.0015,0.0005,0.0005,0.0035,0.0015,0.0005,0.0005,0.0005,0.0005,0.0025,0.0005,
04-19-2026 00:00,1776614400,0.1937,0.3204,0.4448,0.0045,0.0015,0.0005,0.0015,0.0005,0.0005,0.0035,0.0015,0.0005,0.0005,0.0005,0.0005,0.0025,0.0005,
04-20-2026 00:00,1776700800,0.2427,0.3344,0.4063,0.0037,0.0015,0.0005,0.0015,0.0005,0.0005,0.0035,0.0015,0.0005,0.0005,0.0005,0.0005,0.0022,0.0005,
04-21-2026 00:00,1776787200,0.2196,0.3257,0.4366,0.0035,0.0015,0.0005,0.0015,0.0005,0.0005,0.0035,0.0015,0.0005,0.0005,0.0005,0.0005,0.0017,0.0005,
04-22-2026 00:00,1776873600,0.2425,0.3473,0.3863,0.0035,0.0015,0.0005,0.0015,0.0005,0.0005,0.0025,0.0015,0.0005,0.0005,0.0005,0.0005,0.0015,0.0005,
04-23-2026 00:00,1776960000,0.266,0.3451,0.3401,0.0035,0.0015,0.0005,0.0015,0.0005,0.0005,0.0025,0.0015,0.0005,0.0005,0.0005,0.0005,0.0015,0.0005,
04-24-2026 00:00,1777046400,0.2617,0.3638,0.3259,0.0026,0.0015,0.0005,0.0015,0.0006,0.0005,0.0025,0.0015,0.0005,0.0005,0.0005,0.0005,0.0015,0.0005,
04-25-2026 00:00,1777132800,0.2601,0.4255,0.3066,0.0025,0.0015,0.0005,0.0015,0.0005,0.0005,0.0019,0.0015,0.0005,0.0005,0.0005,0.0005,0.0015,0.0005,
04-26-2026 00:00,1777219200,0.225,0.3829,0.3764,0.0025,0.0015,0.0005,0.0015,0.0005,0.0005,0.0018,0.0015,0.0005,0.0005,0.0005,0.0005,0.0015,0.0005,
04-27-2026 00:00,1777305600,0.2461,0.405,0.3226,0.0025,0.0015,0.0005,0.0015,0.0005,0.0005,0.0015,0.0015,0.0005,0.0005,0.0005,0.0005,0.0015,0.0005,
04-28-2026 00:00,1777392000,0.28,0.405,0.3462,0.0321,0.0464,0.0399,0.0416,0.0359,0.0326,0.0445,0.0329,0.031,0.0337,0.0428,0.0291,0.0442,0.0325,
04-29-2026 00:00,1777478400,0.2624,0.3854,0.3567,0.0025,0.0015,0.0005,0.0015,0.0015,0.0005,0.0025,0.0015,0.0005,0.0005,0.0005,0.0005,0.0015,0.0015,
04-30-2026 00:00,1777564800,0.2552,0.385,0.335,0.0025,0.0015,0.0005,0.0015,0.0015,0.0005,0.0024,0.0015,0.0005,0.0005,0.0005,0.0005,0.0015,0.0015,
05-01-2026 00:00,1777651200,0.2751,0.3964,0.3328,0.0025,0.0015,0.0005,0.0015,0.0015,0.0005,0.0015,0.0015,0.0005,0.0005,0.0005,0.0005,0.0015,0.0009,
05-02-2026 00:00,1777737600,0.275,0.415,0.3189,0.0026,0.0015,0.0005,0.0015,0.0015,0.0005,0.0016,0.0015,0.0005,0.0005,0.0005,0.0005,0.0015,0.0005,
05-03-2026 00:00,1777824000,0.2811,0.415,0.3098,0.0025,0.0015,0.0005,0.0015,0.0015,0.0005,0.0015,0.0015,0.0005,0.0005,0.0005,0.0005,0.0015,0.0005,
05-04-2026 00:00,1777910400,0.335,0.405,0.2604,0.0025,0.0015,0.0005,0.0015,0.0015,0.0005,0.0015,0.0015,0.0005,0.0005,0.0005,0.0005,0.0015,0.0005,
05-05-2026 00:00,1777996800,0.3419,0.375,0.2426,0.0025,0.0015,0.0005,0.0015,0.0015,0.0005,0.0015,0.0015,0.0005,0.0005,0.0005,0.0005,0.0015,0.0005,
05-06-2026 00:00,1778083200,0.3546,0.3664,0.2694,0.0015,0.0015,0.0005,0.0015,0.0015,0.0005,0.0015,0.0015,0.0005,0.0005,0.0005,0.0005,0.0015,0.0005,
05-07-2026 00:00,1778169600,0.375,0.385,0.2186,0.0015,0.0015,0.0005,0.0015,0.0015,0.0005,0.0015,0.0015,0.0005,0.0005,0.0005,0.0005,0.0015,0.0005,
05-08-2026 00:00,1778256000,0.375,0.405,0.2082,0.0015,0.0015,0.0005,0.0015,0.0015,0.0005,0.0015,0.0015,0.0005,0.0005,0.0005,0.0005,0.0015,0.0005,
05-09-2026 00:00,1778342400,0.388,0.415,0.2081,0.0015,0.0015,0.0005,0.0015,0.0015,0.0005,0.0015,0.0015,0.0005,0.0005,0.0005,0.0005,0.0015,0.0005,
